Name of the Journal,Website URL
Advances in Crop Science and Technology Open Access Journal,https://www.omicsonline.org/advances-crop-science-and-technology.php
Agrotechnology Open Access Journal,https://www.omicsonline.org/agrotechnology.php
Asian Journal of Plant Science & Research Open Access,http://www.imedpub.com/asian-journal-of-plant-science-research/
Fisheries and Aquaculture Journal Open Access Journal,https://www.omicsonline.org/fisheries-and-aquaculture-journal.php
Journal of Agricultural Science and Food Research Open Access Journal,https://www.omicsonline.org/biofertilizers-biopesticides.php
"Journal of Aquaculture Research & Development Open Access Journal, Official Journal of Reef Ball Foundation",https://www.omicsonline.org/aquaculture-research-development.php
Journal of Fisheries & Livestock Production Open Access Journal,https://www.omicsonline.org/fisheries-livestock-production.php
Journal of FisheriesSciences.com Open Access Journal,http://www.fisheriessciences.com/
Journal of Horticulture Open Access Journal,https://www.omicsonline.org/horticulture.php
"Journal of Marine Science: Research & Development Open Access Journal, Official Journal of Reef Ball Foundation",https://www.omicsonline.org/marine-science-research-development.php
Journal of Plant Pathology & Microbiology Open Access Journal,https://www.omicsonline.org/plant-pathology-microbiology.php
"Poultry, Fisheries & Wildlife Sciences Open Access Journal",https://www.omicsonline.org/poultry-fisheries-wildlife-sciences.php
Research & Reviews: Journal of Agriculture and Allied Sciences Open Access Journal,http://www.rroij.com/agriculture-and-allied-sciences.php
Rice Research: Open Access Open Access Journal,https://www.omicsonline.org/rice-research.php
VEGETOS: An International Journal of Plant Research Open Access Journal,https://www.scitechnol.com/vegetos.php
Biochemistry & Analytical Biochemistry Open Access Journal,https://www.omicsonline.org/biochemistry-and-analytical-biochemistry.php
Biochemistry & Molecular Biology Journal Open Access Journal,http://biochem-molbio.imedpub.com
Biochemistry & Physiology: Open Access Open Access Journal,https://www.omicsonline.org/biochemistry-physiology-open-access.php
BioChemistry: An Indian Journal ,http://www.tsijournals.com/journals/biochemistry-an-indian-journal.html
Bioenergetics: Open Access Open Access Journal,https://www.omicsonline.org/bioenergetics.php
Clinical & Medical Biochemistry Open Access Journal,https://www.omicsonline.org/clinical-medical-biochemistry.php
Enzyme Engineering Open Access Journal,https://www.omicsonline.org/enzyme-engineering.php
Journal of Biochemical and Microbial Toxicology ,https://www.omicsonline.org/journal-biochemical-microbial-toxicology.php
Journal of Biochemistry and Cell Biology ,https://www.omicsonline.org/journal-biochemistry-cell-biology.php
Journal of Chemical Biology & Therapeutics Open Access Journal,https://www.omicsonline.org/chemical-biology-therapeutics.php
journal of clinical chemistry and laboratory medicine ,https://www.omicsonline.org/journal-clinical-chemistry-laboratory-medicine.php
Journal of Glycobiology Open Access Journal,https://www.omicsonline.org/glycobiology.php
Journal of Membrane Science & Technology Open Access Journal,https://www.omicsonline.org/membrane-science-technology.php
Journal of Plant Biochemistry & Physiology Open Access Journal,https://www.omicsonline.org/plant-biochemistry-physiology.php
Macromolecules: An Indian Journal ,http://www.tsijournals.com/journals/macromolecules-an-indian-journal.html
American Journal of Computer Science and Information Technology Open Access Journal,http://www.imedpub.com/computer-science-and-information-technology/
Chemical Informatics Open Access Journal,http://cheminformatics.imedpub.com/
Current Synthetic and Systems Biology Open Access Journal,https://www.omicsonline.org/current-synthetic-and-systems-biology.php
Endocrinology and Metabolism: Open Access ,http://www.imedpub.com/endocrinology-metabolism-open-access/
Journal of Applied Bioinformatics & Computational Biology Hybrid Open Access Journal,https://www.scitechnol.com/applied-bioinformatics-computational-biology.php
Journal of Computer Science & Systems Biology Open Access Journal,https://www.omicsonline.org/computer-science-systems-biology.php
Journal of Data Mining in Genomics & Proteomics Open Access Journal,https://www.omicsonline.org/data-mining-in-genomics-proteomics.php
Journal of Glycomics & Lipidomics Open Access Journal,https://www.omicsonline.org/glycomics-lipidomics.php
Journal of Health & Medical Informatics Open Access Journal,https://www.omicsonline.org/health-medical-informatics.php
Journal of In Silico & In Vitro Pharmacology Open Access Journal,http://pharmacology.imedpub.com/
Journal of Informatics and Data Mining Open Access Journal,http://datamining.imedpub.com/
Journal of Next Generation Sequencing & Applications Open Access Journal,https://www.omicsonline.org/next-generation-sequencing-applications.php
Journal of Phylogenetics & Evolutionary Biology Open Access Journal,https://www.omicsonline.org/phylogenetics-evolutionary-biology.php
Journal of Proteomics & Bioinformatics Open Access Journal,https://www.omicsonline.org/proteomics-bioinformatics.php
Journal of Proteomics & Enzymology Hybrid Open Access Journal,http://scitechnol.com/proteomics-enzymology.php
Journal of Theoretical & Computational Science Open Access Journal,https://www.omicsonline.org/theoretical-and-computational-science.php
Metabolomics: Open Access Open Access Journal,https://www.omicsonline.org/metabolomics-open-access.php
Transcriptomics: Open Access Open Access Journal,https://www.omicsonline.org/transcriptomics.php
Advanced Techniques in Biology & Medicine Open Access Journal,https://www.omicsonline.org/advanced-techniqes-biology-medicine.php
Biology and Medicine Open Access Journal,https://www.omicsonline.org/biology-and-medicine.php
Central European Journal of Experimental Biology Open Access Journal,http://www.scholarsresearchlibrary.com/journals/central-european-journal-of-experimental-biology/
Insights in Biomedicine Open Access Journal,http://biomedicine.imedpub.com
International Journal of Biomedical Data Mining Open Access Journal,https://www.omicsonline.org/biomedical-data-mining.php
Journal of Bioengineering & Biomedical Science Open Access Journal,https://www.omicsonline.org/bioengineering-biomedical-science.php
Journal of Biomedical and Pharmaceutical Sciences ,https://www.omicsonline.org/journal-biomedical-pharmaceutical-sciences.php
Journal of Biomedical Engineering and Medical Devices Open Access Journal,https://www.omicsonline.org/biomedical-engineering-medical-devices.php
Journal of Biomedical Sciences Open Access Journal,http://www.jbiomeds.com/
Journal of Biomedical Systems & Emerging Technologies Open Access Journal,https://www.omicsonline.org/biomedical-systems-emerging-technologies.php
Journal of Biomolecular Research & Therapeutics Open Access Journal,https://www.omicsonline.org/biomolecular-research-therapeutics.php
Journal of Diagnostic Techniques and Biomedical Analysis Hybrid Open Access Journal,https://www.scitechnol.com/diagnostic-techniques-biomedical-analysis.php
Translational Biomedicine Open Access Journal,http://www.transbiomedicine.com/
Arabian Journal of Business and Management Review Open Access Journal,https://www.omicsonline.org/arabian-journal-business-management-review.php
Business and Economics Journal Open Access Journal,https://www.omicsonline.org/business-and-economics-journal.php
International Journal of Accounting Research Open Access Journal,https://www.omicsonline.org/international-journal-accounting-research.php
International Journal of Economics & Management Sciences Open Access Journal,https://www.omicsonline.org/economics-and-management-sciences.php
Journal of Accounting & Marketing Open Access Journal,https://www.omicsonline.org/accounting-marketing.php
Journal of Business & Financial Affairs Open Access Journal,https://www.omicsonline.org/business-and-financial-affairs.php
Journal of Defense Studies and Resource Management Hybrid Open Access Journal,https://www.scitechnol.com/defense-studies-resource-management.php
Journal of Entrepreneurship & Organization Management Open Access Journal,https://www.omicsonline.org/entrepreneurship-organization-management.php
Journal of Global Economics Open Access Journal,https://www.omicsonline.org/global-economics.php
Journal of Hotel & Business Management Open Access Journal,https://www.omicsonline.org/hotel-business-management.php
Journal of Stock & Forex Trading Open Access Journal,https://www.omicsonline.org/stock-forex-trading.php
Journal of Tourism & Hospitality Open Access Journal,https://www.omicsonline.org/tourism-hospitality.php
Journal of Tourism Research & Hospitality Hybrid Open Access Journal,https://www.scitechnol.com/tourism-research-hospitality.php
Review of Public Administration and Management Open Access Journal,https://www.omicsonline.org/review-public-adminstration-management.php
Journal of Advanced Chemical Engineering Open Access Journal,https://www.omicsonline.org/advanced-chemical-engineering.php
Journal of Bioprocessing & Biotechniques Open Access Journal,https://www.omicsonline.org/bioprocessing-biotechniques.php
Journal of Chemical Engineering & Process Technology Open Access Journal,https://www.omicsonline.org/chemical-engineering-process-technology.php
Journal of Thermodynamics & Catalysis Open Access Journal,https://www.omicsonline.org/thermodynamics-catalysis.php
Acta Chimica and Pharmaceutica Indica  Open Access Journal,http://www.tsijournals.com/journals/acta-chimica-and-pharmaceutica-indica.html
Analytical Chemistry: An Indian Journal ,http://www.tsijournals.com/journals/analytical-chemistry-an-indian-journal.html
Archives in Chemical Research Open Access Journal,http://www.imedpub.com/archives-in-chemical-research/
Biopolymers Research ,https://www.omicsonline.org/biopolymers-research.php
Chemical Sciences Journal Open Access Journal,https://www.omicsonline.org/chemical-sciences-journal.php
Chemical Technology: An Indian Journal ,http://www.tsijournals.com/journals/chemical-technology-an-indian-journal.html
ChemXpress ,http://www.tsijournals.com/journals/chemxpress.html
Der Chemica Sinica ,http://www.imedpub.com/der-chemica-sinica/
Industrial Chemistry Open Access Journal,https://www.omicsonline.org/industrial-chemistry.php
Inorganic Chemistry: An Indian Journal ,http://www.tsijournals.com/journals/inorganic-chemistry-an-indian-journal.html
Insights in Analytical Electrochemistry Open Access Journal,http://electroanalytical.imedpub.com/
International Journal of Chemical Sciences Open Access Journal,http://www.tsijournals.com/journals/international-journal-of-chemical-sciences.html
Journal of Analytical & Bioanalytical Techniques Open Access Journal,https://www.omicsonline.org/analytical-bioanalytical-techniques.php
Journal of Chromatography & Separation Techniques Open Access Journal,https://www.omicsonline.org/chromatography-separation-techniques.php
Journal of Current Chemical and Pharmaceutical Sciences Open Access Journal,http://www.tsijournals.com/journals/journal-of-current-chemical-and-pharmaceutical-sciences.html
"Journal of Environmental Analytical Chemistry Open Access Journal, Association of Environmental Analytical Chemistry of India",https://www.omicsonline.org/environmental-analytical-chemistry.php
Journal of Health Care and Prevention ,https://www.omicsonline.org/journal-health-care-prevention.php
Journal of Organic & Inorganic Chemistry Open Access Journal,http://organic-inorganic.imedpub.com/
Journal of Pain & Relief Open Access Journal,https://www.omicsonline.org/pain-relief.php
Journal of Physical Chemistry & Biophysics Open Access Journal,https://www.omicsonline.org/physical-chemistry-biophysics.php
Journal of Phytochemistry & Biochemistry ,https://www.omicsonline.org/journal-phytochemistry-biochemistry.php
Mass Spectrometry & Purification Techniques Open Access Journal,https://www.omicsonline.org/mass-spectrometry-purification-techniques.php
Medicinal Chemistry Open Access Journal,https://www.omicsonline.org/medicinal-chemistry.php
Modern Chemistry & Applications Open Access Journal,https://www.omicsonline.org/modern-chemistry-applications.php
Natural Products Chemistry & Research Open Access Journal,https://www.omicsonline.org/natural-products-chemistry-research.php
Natural Products: An Indian Journal ,http://www.tsijournals.com/journals/natural-products-an-indian-journal.html
Organic Chemistry: An Indian Journal ,http://www.tsijournals.com/journals/organic-chemistry-an-indian-journal.html
Organic Chemistry: Current Research Open Access Journal,https://www.omicsonline.org/organic-chemistry-current-research.php
Pharmaceutical Analytical Chemistry Open Access Journal,https://www.omicsonline.org/pharmaceutical-analytical-chemistry.php
Physical Chemistry: An Indian Journal ,http://www.tsijournals.com/journals/physical-chemistry-an-indian-journal.html
Research & Reviews in Electrochemistry ,http://www.tsijournals.com/journals/research-reviews-in-electrochemistry.html
Research & Reviews in Polymer ,http://www.tsijournals.com/journals/research-reviews-in-polymer.html
Research & Reviews: Journal of Chemistry Open Access Journal,http://www.rroij.com/chemistry.php
RROIJ: Journal of Medicinal & Organic Chemistry Open Access Journal,http://www.rroij.com/medicinal-organic-chemistry.php
Scientific Reviews and Chemical Communications Open Access Journal,http://www.tsijournals.com/journals/scientific-reviews-and-chemical-communications.html
Structural Chemistry & Crystallography Communication Open Access Journal,http://structural-crystallography.imedpub.com/
Trends in Green Chemistry Open Access Journal,http://green-chemistry.imedpub.com/
Acute and Chronic Disease Reports ,https://www.omicsonline.org/acute-chronic-disease-reports.php
Annals of Clinical and Laboratory Research Open Access Journal,http://www.aclr.com.es/
Arrhythmia: Open Access Open Access Journal,http://www.openaccessjournals.com/journals/interventional-cardiology.html
Atherosclerosis: Open Access Open Access Journal,https://www.omicsonline.org/atherosclerosis.php
Cancer Biology and Therapeutic Oncology ,http://www.imedpub.com/cancer-biology-and-therapeutic-oncology/
Cancer Surgery Open Access Journal,https://www.omicsonline.org/cancer-surgery.php
Cardiovascular Investigations: Open Access ,http://www.imedpub.com/cardiovascular-investigations-open-access/
Cardiovascular Pharmacology: Open Access Open Access Journal,https://www.omicsonline.org/cardiovascular-pharmacology.php
Cardiovascular Therapy: Open Access Open Access Journal,https://www.omicsonline.org/cardiovascular-therapy.php
Clinical and Experimental Psychology Open Access Journal,https://www.omicsonline.org/clinical-experimental-psychology.php
Clinical Depression Open Access Journal,https://www.omicsonline.org/clinical-depression.php
Clinical Dermatology Research Journal ,https://www.scitechnol.com/clinical-dermatology-research-journal.php
Clinical Pediatrics: Open Access Open Access Journal,https://www.omicsonline.org/clinical-pediatrics.php
Clinical Practice (Therapy) Open Access Journal,http://www.openaccessjournals.com/journals/clinical-practice.html
Clinical Research on Foot & Ankle Open Access Journal,https://www.omicsonline.org/clinical-research-foot-ankle.php
Clinics in Mother and Child Health Open Access Journal,https://www.omicsonline.org/clinics-mother-child-health.php
Current Research: Cardiology Open Access Journal,http://www.pulsus.com/journals/current-research-cardiology.html
Diabetes Case Reports Open Access Journal,https://www.omicsonline.org/diabetes-case-reports.php
Insights in Pediatric Cardiology Open Access Journal,http://pediatric-cardiology.imedpub.com/
International Journal of Anesthesiology & Pain Medicine Open Access Journal,http://anaesthesia-painmedicine.imedpub.com/
International Journal of Cardiovascular Research Hybrid Open Access Journal,https://www.scitechnol.com/international-journal-of-cardiovascular-research.php
International Journal of Clinical & Medical Imaging Open Access Journal,http://www.imagejournals.org/
International Journal of Clinical Skills Open Access Journal,http://www.ijocs.org/
International Journal of Ophthalmic Pathology Hybrid Open Access Journal,https://www.scitechnol.com/international-journal-of-ophthalmic-pathology.php
Interventional Cardiology Open Access Journal,http://www.openaccessjournals.com/journals/interventional-cardiology.html
Interventional Cardiology Journal Open Access Journal,http://interventional-cardiology.imedpub.com/
JBR Journal of Clinical Diagnosis and Research Open Access Journal,https://www.omicsonline.org/clinical-diagnosis-research.php
JBR Journal of Interdisciplinary Medicine and Dental Science Open Access Journal,https://www.omicsonline.org/interdisciplinary-medicine-dental-science.php
Journal of Addictive Behaviors and Therapy Open Access Journal,http://www.imedpub.com/addictive-behaviors-and-therapy/
Journal of Anesthesia & Clinical Research Open Access Journal,https://www.omicsonline.org/anesthesia-clinical-research.php
Journal of Anesthesiology and Pain Research ,https://www.omicsonline.org/journal-anesthesiology-pain-research.php
Journal of Cardiovascular Diseases & Diagnosis Open Access Journal,https://www.omicsonline.org/cardiovascular-diseases-diagnosis.php
Journal of Cellular & Molecular Pathology Open Access Journal,http://cellular-molecular-pathology.imedpub.com/
Journal of Clinical & Experimental Cardiology Open Access Journal,https://www.omicsonline.org/clinical-experimental-cardiology.php
Journal of Clinical & Experimental Dermatology Research Open Access Journal,https://www.omicsonline.org/clinical-experimental-dermatology-research.php
Journal of Clinical & Experimental Nephrology Open Access Journal,http://clinical-experimental-nephrology.imedpub.com
Journal of Clinical & Experimental Oncology Hybrid Open Access Journal,https://www.scitechnol.com/clinical-experimental-oncology.php
"Journal of Clinical & Experimental Ophthalmology Open Access Journal, Official Journal of Afro-Asian Council of Ophthalmology",https://www.omicsonline.org/clinical-experimental-ophthalmology.php
Journal of Clinical & Experimental Orthopaedics Open Access Journal,http://orthopedics.imedpub.com/
Journal of Clinical & Experimental Pathology Open Access Journal,https://www.omicsonline.org/clinical-experimental-pathology.php
Journal of Clinical and Experimental Endocrinology ,https://www.omicsonline.org/journal-clinical-experimental-endocrionology.php
Journal of Clinical and Experimental Transplantation Open Access Journal,https://www.omicsonline.org/clinical-experimental-transplantation.php
Journal of Clinical and Medical Sciences ,https://www.omicsonline.org/clinical-medical-sciences.php
Journal of Clinical Case Reports Open Access Journal,https://www.omicsonline.org/clinical-case-reports.php
Journal of Clinical Diabetes ,https://www.omicsonline.org/journal-clinical-diabetes.php
Journal of Clinical Nutrition & Dietetics Open Access Journal,http://clinical-nutrition.imedpub.com/
Journal of Clinical Research ,https://www.omicsonline.org/journal-clinical-research.php
Journal of Clinical Research & Bioethics Open Access Journal,https://www.omicsonline.org/clinical-research-bioethics.php
Journal of Clinical Toxicology Open Access Journal,https://www.omicsonline.org/clinical-toxicology.php
Journal of Clinical Trials Open Access Journal,https://www.omicsonline.org/clinical-trials.php
Journal of Coronary Heart Diseases ,https://www.omicsonline.org/journal-coronary-heart-diseases.php
Journal of Cosmetology & Trichology Open Access Journal,https://www.omicsonline.org/cosmetology-trichology.php
Journal of Dental Science and Medicine Open Access Journal,https://www.omicsonline.org/dental-science-medicine.php
Journal of Dermatitis Open Access Journal,https://www.omicsonline.org/dermatitis.php
Journal of Eye & Cataract Surgery ,http://eye-cataract-surgery.imedpub.com/
Journal of Eye Diseases and Disorders Open Access Journal,https://www.omicsonline.org/eye-diseases-and-disorders.php
Journal of Genome ,https://www.omicsonline.org/journal-genome.php
Journal of Headache & Pain Management Open Access Journal,http://headache.imedpub.com/
Journal of Heart and Cardiovascular Research ,http://www.imedpub.com/heart-and-cardiovascular-research/
Journal of Heart Health and Circulation Open Access Journal,http://www.imedpub.com/heart-health-and-circulation/
Journal of Infectious Diseases & Preventive Medicine Open Access Journal,https://www.omicsonline.org/ancient-diseases-preventive-remedies.php
Journal of Interventional and General Cardiology ,https://www.omicsonline.org/journal-interventional-general-cardiology.php
Journal of Ocular Infection and Inflammation ,https://www.omicsonline.org/journal-ocular-infection-inflammation.php
Journal of Phonetics & Audiology Open Access Journal,https://www.omicsonline.org/phonetics-audiology.php
Journal of Reproductive Endocrinology & Infertility ,http://reproductive-endocrinology-infertility.imedpub.com/
Journal of Speech Pathology & Therapy Open Access Journal,https://www.omicsonline.org/speech-pathology-therapy.php
Journal of Surgery and Anesthesia Open Access Journal,https://www.omicsonline.org/surgery-anesthesia.php
Journal of Surgical Pathology and Diagnosis ,https://www.omicsonline.org/journal-surgical-pathology-diagnosis.php
Journal of Vasculitis Open Access Journal,https://www.omicsonline.org/vasculitis.php
Neonatal and Pediatric Medicine Open Access Journal,https://www.omicsonline.org/neonatal-and-pediatric-medicine.php
Optometry: Open Access Open Access Journal,https://www.omicsonline.org/optometry.php
Pediatric Dental Care Open Access Journal,https://www.omicsonline.org/pediatric-dental-care.php
Research and Reviews - Orthopedics ,http://www.rroij.com/orthopedics.php
Toxicology: Open Access Open Access Journal,https://www.omicsonline.org/toxicology.php
Transplant Reports : Open Access Open Access Journal,https://www.omicsonline.org/transplant-reports.php
Advances in Recycling & Waste Management Open Access Journal,https://www.omicsonline.org/advances-in-recycling-waste-management.php
Environment Pollution and Climate Change Open Access Journal,https://www.omicsonline.org/environment-pollution-climate-change.php
Expert Opinion On Environmental Biology Hybrid Open Access Journal,https://www.scitechnol.com/expert-opinion-on-environmental-biology.php
"Hydrology: Current Research Open Access Journal, Official Journal of Slovak Society of Medical Genetics",https://www.omicsonline.org/hydrology-current-research.php
International Journal of Waste Resources Open Access Journal,https://www.omicsonline.org/international-journal-waste-resources.php
Journal of Biodiversity & Endangered Species Open Access Journal,https://www.omicsonline.org/biodiversity-endangered-species.php
Journal of Biodiversity Management & Forestry Hybrid Open Access Journal,https://www.scitechnol.com/biodiversity-management-forestry.php
"Journal of Biodiversity, Bioprospecting and Development Open Access Journal",https://www.omicsonline.org/international-journal-of-biodiversity-bioprocessing-and-development.php
Journal of Bioremediation & Biodegradation Open Access Journal,https://www.omicsonline.org/bioremediation-biodegradation.php
Journal of Climatology & Weather Forecasting Open Access Journal,https://www.omicsonline.org/climatology-weather-forecasting.php
Journal of Ecosystem & Ecography Open Access Journal,https://www.omicsonline.org/ecosystem-ecography.php
Journal of Environmental & Analytical Toxicology Open Access Journal,https://www.omicsonline.org/environmental-analytical-toxicology.php
Journal of Fundamentals of Renewable Energy and Applications Open Access Journal,https://www.omicsonline.org/fundamentals-renewable-energy-applications.php
Journal of Industrial Pollution Control Open Access Journal,http://www.icontrolpollution.com/
Journal of Petroleum & Environmental Biotechnology Open Access Journal,https://www.omicsonline.org/petroleum-environmental-biotechnology.php
Journal of Pollution ,https://www.omicsonline.org/journal-pollution.php
Journal of Pollution Effects & Control Open Access Journal,https://www.omicsonline.org/pollution-and-effects.php
Research & Reviews: Journal of Ecology and Environmental Sciences Open Access Journal,http://www.rroij.com/ecology-and-environmental-sciences.php
"Resources, Recycling and Waste Management ",http://www.imedpub.com/resources-recycling-and-waste-management/
Advances in Automobile Engineering Open Access Journal,https://www.omicsonline.org/advances-in-automobile-engineering.php
Advances in Robotics & Automation Open Access Journal,https://www.omicsonline.org/advances-in-robotics-automation.php
"Bioceramics Development and Applications Open Access Journal, Official Journal of International Society for Ceramics in Medicine",https://www.omicsonline.org/bioceramics-development-applications.php
Biosensors Journal Open Access Journal,https://www.omicsonline.org/biosensors-journal.php
European Journal of Applied Engineering and Scientific Research Open Access Journal,http://www.scholarsresearchlibrary.com/journals/european-journal-of-applied-engineering-and-scientific-research/
Global Journal of Technology and Optimization Open Access Journal,https://www.omicsonline.org/global-journal-technology-optimization.php
Industrial Engineering & Management Open Access Journal,https://www.omicsonline.org/industrial-engineering-management.php
Innovative Energy & Research Open Access Journal,https://www.omicsonline.org/innovative-energy-policies.php
"International Journal of Advance Innovations, Thoughts & Ideas Open Access Journal",https://www.omicsonline.org/international-journal-advance-innovations-thoughts-ideas.php
"International Journal of Advanced Research in Electrical, Electronics and Instrumentation Engineering Open Access Journal",http://www.rroij.com/international-journal-of-advanced-research-in-electrical-electronics-and-instrumentation-engineering.php
International Journal of Advancements in Technology Open Access Journal,https://www.omicsonline.org/international-journal-of-advancements-in-technology.php
International Journal of Innovative Research in Computer and Communication Engineering Open Access Journal,http://www.rroij.com/international-journal-of-innovative-research-in-computer-and-communication-engineering.php
"International Journal of Innovative Research in Science, Engineering and Technology Open Access Journal",http://www.rroij.com/international-journal-of-innovative-research-in-science-engineering-and-technology.php
International Journal of Sensor Networks and Data Communications Open Access Journal,https://www.omicsonline.org/sensor-networks-data-communications.php
International Journal of Swarm Intelligence and Evolutionary Computation Open Access Journal,https://www.omicsonline.org/swarm-intelligence-evolutionary-computation.php
Irrigation & Drainage Systems Engineering Open Access Journal,https://www.omicsonline.org/irrigation-and-drainage-systems-engineering.php
"Journal of Aeronautics & Aerospace Engineering  Open Access Journal, Official Journal of Brazilian Association of Ultra lights",https://www.omicsonline.org/aeronautics-aerospace-engineering.php
Journal of Applied Mechanical Engineering Open Access Journal,https://www.omicsonline.org/applied-mechanical-engineering.php
Journal of Architectural Engineering Technology Open Access Journal,https://www.omicsonline.org/architectural-engineering-technology.php
"Journal of Biosensors & Bioelectronics Open Access Journal, Official Journal of International Frequency Sensors Association, Romanian Measurement Society",https://www.omicsonline.org/biosensors-bioelectronics.php
Journal of Civil & Environmental Engineering Open Access Journal,https://www.omicsonline.org/civil-environmental-engineering.php
Journal of Computer Engineering & Information Technology Hybrid Open Access Journal,https://www.scitechnol.com/computer-engineering-information-technology.php
Journal of Electrical & Electronic Systems Open Access Journal,https://www.omicsonline.org/electrical-electronic-systems.php
Journal of Electrical Engineering and Electronic Technology Hybrid Open Access Journal,https://www.scitechnol.com/electrical-engineering-electronic-technology.php
Journal of Fashion Technology & Textile Engineering Hybrid Open Access Journal,https://www.scitechnol.com/fashion-technology-textile-engineering.php
Journal of Information Technology & Software Engineering Open Access Journal,https://www.omicsonline.org/information-technology-software-engineering.php
Journal of Steel Structures & Construction Open Access Journal,https://www.omicsonline.org/steel-structures-construction.php
Journal of Telecommunications System & Management Open Access Journal,https://www.omicsonline.org/telecommunications-system-management.php
Journal of Textile Science & Engineering Open Access Journal,https://www.omicsonline.org/textile-science-engineering.php
Lovotics Open Access Journal,https://www.omicsonline.org/lovotics.php
Research & Reviews: Journal of Engineering and Technology Open Access Journal,http://www.rroij.com/engineering-and-technology.php
Advances in Dairy Research Open Access Journal,https://www.omicsonline.org/advances-dairy-research.php
Journal of Applied Microbiology and Biochemistry ,http://www.imedpub.com/applied-microbiology-and-biochemistry/
Journal of Experimental Food Chemistry Open Access Journal,https://www.omicsonline.org/experimental-food-chemistry.php
Journal of Food & Industrial Microbiology Open Access Journal,https://www.omicsonline.org/food-industrial-microbiology.php
Journal of Food and Nutritional Disorders Hybrid Open Access Journal,https://www.scitechnol.com/food-nutritional-disorders.php
Journal of Food Processing & Technology Open Access Journal,https://www.omicsonline.org/food-processing-technology.php
Journal of Food Technology and Preservation ,http://www.alliedacademies.org/food-technology-and-preservation/
"Journal of Food, Nutrition and Population Health ",http://www.imedpub.com/food-nutrition-and-population-health/
"Journal of Food: Microbiology, Safety & Hygiene Open Access Journal",https://www.omicsonline.org/foodmicrobiology-safety-hygiene.php
Journal of Nutrition & Food Sciences Open Access Journal,https://www.omicsonline.org/nutrition-food-sciences.php
Journal of Nutrition and Dietetics ,https://www.omicsonline.org/journal-nutrition-dietetics.php
Journal of Nutrition Science Research Open Access Journal,https://www.omicsonline.org/nutrition-science-research.php
Journal of Probiotics & Health Open Access Journal,https://www.omicsonline.org/probiotics-health.php
Research & Reviews: Journal of Food and Dairy Technology Open Access Journal,http://www.rroij.com/food-and-dairy-technology.php
Vitamins & Minerals Open Access Journal,https://www.omicsonline.org/vitamins-minerals.php
Advances in Applied Science Research Open Access Journal,http://www.imedpub.com/advances-in-applied-science-research/
Annals of Biological Sciences ,http://www.imedpub.com/annals-of-biological-sciences/
Annals of Experimental Biology ,http://www.scholarsresearchlibrary.com/journals/annals-of-experimental-biology
Archives of Science ,https://www.omicsonline.org/archives-science.php
Biological Systems: Open Access Open Access Journal,https://www.omicsonline.org/biological-systems-open-access.php
BioTechnology: An Indian Journal ,http://www.tsijournals.com/journals/biotechnology-an-indian-journal.html
British Journal of Research ,http://www.imedpub.com/british-journal-of-research/
Electronic Journal of Biology Open Access Journal,http://ejbio.imedpub.com/
"Entomology, Ornithology & Herpetology: Current Research Open Access Journal",https://www.omicsonline.org/entomology-ornithology-herpetology.php
Environmental Science: An Indian Journal ,http://www.tsijournals.com/journals/environmental-science-an-indian-journal.html
European Journal of Experimental Biology ,http://www.imedpub.com/european-journal-of-experimental-biology/
Forest Research: Open Access Open Access Journal,https://www.omicsonline.org/forest-research-open-access.php
Global Journal of Research and Review ,http://www.imedpub.com/global-journal-of-research-and-review/
International Journal of Applied Science - Research and Review ,http://www.imedpub.com/applied-science-research-and-review/
Journal of Astrobiology & Outreach Open Access Journal,https://www.omicsonline.org/astrobiology-and-outreach.php
Journal of Biological and Medical Sciences ,https://www.omicsonline.org/biological-medicalsciences.php
Journal of Biomusical Engineering Open Access Journal,https://www.omicsonline.org/biomusical-engineering.php
Journal of Bioresearch Communications ,https://www.omicsonline.org/bioresearch-communications.php
"Journal of Biotechnology & Biomaterials Open Access Journal, Official Journal of Semi-Conductor Society, Society for Applied Biotechnology",https://www.omicsonline.org/biotechnology-biomaterials.php
Journal of Bioterrorism & Biodefense Open Access Journal,https://www.omicsonline.org/bioterrorism-biodefense.php
Journal of Ergonomics Open Access Journal,https://www.omicsonline.org/ergonomics.php
Journal of Forensic Biomechanics Open Access Journal,https://www.omicsonline.org/forensic-biomechanics.php
Journal of Forensic Research Open Access Journal,https://www.omicsonline.org/forensic-research.php
Journal of Global Research in Computer Science Open Access Journal,http://www.rroij.com/global-research-in-computer-science.php
Journal of Nutrition & Weight Loss Open Access Journal,https://www.omicsonline.org/nutrition-weight-loss.php
Journal of Physics Research and Applications ,https://www.scitechnol.com/journal-physics-research-applications.php
Journal of Research and Development Open Access Journal,https://www.omicsonline.org/journal-research-development.php
Journal of Yoga Practice and Therapy ,https://www.scitechnol.com/journal-yoga-practice-therapy.php
Research & Reviews in BioSciences ,http://www.tsijournals.com/journals/research-reviews-in-biosciences.html
Research & Reviews: Journal of Botanical Sciences Open Access Journal,http://www.rroij.com/botanical-sciences.php
Research & Reviews: Research Journal of Biology Open Access Journal,http://www.rroij.com/biology.php
Advancements in Genetic Engineering Open Access Journal,https://www.omicsonline.org/advancements-in-genetic-engineering.php
Advances in Molecular Diagnostics Open Access Journal,https://www.omicsonline.org/advances-molecular-diagnostics.php
Cell & Developmental Biology Open Access Journal,https://www.omicsonline.org/cell-developmental-biology.php
Cell Biology: Research & Therapy Hybrid Open Access Journal,https://www.scitechnol.com/cell-biology-research-therapy.php
Cellular & Molecular Medicine: Open Access Open Access Journal,http://cellular-molecular-medicine.imedpub.com/
Cellular and Molecular Biology Open Access Journal,https://www.omicsonline.org/cellular-and-molecular-biology.php
Cloning & Transgenesis Open Access Journal,https://www.omicsonline.org/cloning-transgenesis.php
Epigenetics Research: Open Access ,https://www.omicsonline.org/epigenetics-research-open-access.php
Fungal Genomics & Biology Open Access Journal,https://www.omicsonline.org/fungal-genomics-biology.php
Gene Technology Open Access Journal,https://www.omicsonline.org/gene-technology.php
Hereditary Genetics: Current Research Open Access Journal,https://www.omicsonline.org/hereditary-genetics.php
Human Genetics & Embryology Open Access Journal,https://www.omicsonline.org/human-genetics-embryology.php
Insights in Stem Cells Open Access Journal,http://stemcells.imedpub.com/
Journal of Aging Science Open Access Journal,https://www.omicsonline.org/aging-science.php
Journal of Cell Science & Therapy Open Access Journal,https://www.omicsonline.org/cell-science-therapy.php
Journal of Clinical & Medical Genomics Open Access Journal,https://www.omicsonline.org/clinical-and-medical-genomics.php
Journal of Clinical Developmental Biology Open Access Journal,http://clinical-developmental-biology.imedpub.com/
Journal of Clinical Epigenetics Open Access Journal,http://clinical-epigenetics.imedpub.com/
Journal of Cytology & Histology Open Access Journal,https://www.omicsonline.org/cytology-histology.php
Journal of Down Syndrome & Chromosome Abnormalities Open Access Journal,https://www.omicsonline.org/down-syndrome.php
"Journal of Fertilization: In Vitro - IVF-Worldwide, Reproductive Medicine, Genetics & Stem Cell Biology Open Access Journal",https://www.omicsonline.org/fertilization-in-vitro.php
Journal of Genetic Disorders & Genetic Reports Hybrid Open Access Journal,https://www.scitechnol.com/genetic-disorders-genetic-reports.php
"Journal of Genetic Syndromes & Gene Therapy  Open Access Journal, Official Journal of European Biotechnology Thematic Network Association",https://www.omicsonline.org/genetic-syndromes-gene-therapy.php
Journal of Genetics and DNA Research ,https://www.omicsonline.org/journal-genetics-dna-research.php
Journal of Genetics and Genomes ,https://www.omicsonline.org/journal-genetics-genomes.php
Journal of Molecular and Genetic Medicine Open Access Journal,https://www.omicsonline.org/molecular-genetic-medicine.php
Journal of Molecular Biology and Biotechnology ,http://www.imedpub.com/molecular-biology-and-biotechnology/
Journal of Molecular Biomarkers & Diagnosis Open Access Journal,https://www.omicsonline.org/molecular-biomarkers-diagnosis.php
Journal of Molecular Imaging & Dynamics Open Access Journal,https://www.omicsonline.org/molecular-imaging-dynamics.php
Journal of Plant Genetics and Breeding ,https://www.omicsonline.org/journal-plant-genetics-breeding.php
Journal of Stem Cell Research & Therapy Open Access Journal,https://www.omicsonline.org/stem-cell-research-therapy.php
Journal of Tissue Science & Engineering Open Access Journal,https://www.omicsonline.org/tissue-science-engineering.php
Molecular Biology: Open Access Open Access Journal,https://www.omicsonline.org/molecular-biology.php
Molecular Enzymology and Drug Targets Open Access Journal,http://www.medt.com.es/
Rare Disorders: Diagnosis & Therapy Open Access Journal,http://raredisorders.imedpub.com/
Single Cell Biology Open Access Journal,https://www.omicsonline.org/single-cell-biology.php
Geoinformatics & Geostatistics: An Overview Hybrid Open Access Journal,https://www.scitechnol.com/geoinformatics-geostatistics-an-overview.php
Journal of Coastal Zone Management Open Access Journal,https://www.omicsonline.org/coastal-development.php
Journal of Earth Science & Climatic Change Open Access Journal,https://www.omicsonline.org/earth-science-climatic-change.php
Journal of Geography & Natural Disasters Open Access Journal,https://www.omicsonline.org/geography-natural-disasters.php
Journal of Geology & Geophysics Open Access Journal,https://www.omicsonline.org/geology-geosciences.php
Journal of Hydrogeology & Hydrologic Engineering Hybrid Open Access Journal,https://www.scitechnol.com/hydrogeology-hydrologic-engineering.php
Journal of Marine Biology & Oceanography Hybrid Open Access,https://www.scitechnol.com/marine-biology-oceanography.php
Journal of Oceanography and Marine Research Open Access Journal,https://www.omicsonline.org/oceanography.php
Journal of Remote Sensing & GIS Open Access Journal,https://www.omicsonline.org/geophysics-remote-sensing.php
Oil & Gas Research Open Access Journal,https://www.omicsonline.org/oil-gas-research.php
Air & Water Borne Diseases Open Access Journal,https://www.omicsonline.org/air-water-borne-diseases.php
Applied Microbiology: Open Access Open Access Journal,https://www.omicsonline.org/applied-microbiology.php
Archives of Clinical Microbiology Open Access Journal,http://www.acmicrob.com/
Archives of Inflammation Open Access Journal,http://archives-inflammation.imedpub.com/
Archives of Parasitology Open Access Journal,https://www.omicsonline.org/archives-parasitology.php
Clinical Infectious Diseases: Open Access ,https://www.omicsonline.org/clinical-infectious-diseases.php
Clinical Microbiology: Open Access Open Access Journal,https://www.omicsonline.org/clinical-microbiology.php
"Fermentation Technology Open Access Journal, Official Journal of Italo-Latin American Society of Ethnomedicine",https://www.omicsonline.org/fermentation-technology.php
Fibromyalgia: Open Access Open Access Journal,https://www.omicsonline.org/fibromyalgia.php
HIV: Current Research Open Access Journal,https://www.omicsonline.org/hiv-current-research.php
Immunochemistry & Immunopathology Open Access Journal,https://www.omicsonline.org/immunochemistry-immunopathology.php
Immunogenetics: Open Access Open Access Journal,https://www.omicsonline.org/immunogenetics.php
Immunological Disorders & Immunotherapy Open Access Journal,https://www.omicsonline.org/immunological-disorders-immunotherapy.php
Immunology: Current Research ,https://www.omicsonline.org/immunology-current-research.php
Immunome Research Open Access Journal,https://www.omicsonline.org/immunome-research.php
Immunotherapy: Open Access Open Access Journal,https://www.omicsonline.org/immunotherapy.php
"International Journal of Inflammation, Cancer and Integrative Therapy Hybrid Open Access Journal Official Journal of Associazione Ricerca Terapie Oncologiche Integrate",https://www.omicsonline.org/interdisciplinary-journal-of-microinflammation-open-access.php
Journal of AIDS & Clinical Research Open Access Journal,https://www.omicsonline.org/aids-clinical-research.php
Journal of Allergy & Therapy Open Access Journal,https://www.omicsonline.org/allergy-therapy.php
Journal of Antimicrobial Agents Open Access Journal,https://www.omicsonline.org/antimicrobial-agents.php
Journal of Antivirals & Antiretrovirals Open Access Journal,https://www.omicsonline.org/antivirals-antiretrovirals.php
Journal of Autoimmune Disorders Open Access Journal,http://autoimmunediseases.imedpub.com/
Journal of Bacteriology & Parasitology Open Access Journal,https://www.omicsonline.org/bacteriology-parasitology.php
Journal of Cell Biology & Immunology ,https://www.omicsonline.org/journal-cell-biology-immunology.php
Journal of Cell Signaling Open Access Journal,https://www.omicsonline.org/cell-signaling.php
Journal of Clinical & Cellular Immunology Open Access Journal,https://www.omicsonline.org/clinical-cellular-immunology.php
Journal of Clinical Infectious Diseases & Practice Open Access Journal,https://www.omicsonline.org/clinical-infectious-diseases-practice.php
Journal of Cytokine Biology Open Access Journal,https://www.omicsonline.org/cytokine-biology.php
Journal of Forensic Pathology Open Access Journal,https://www.omicsonline.org/forensic-pathology.php
Journal of HIV & Retro Virus Open Access Journal,http://hiv.imedpub.com/
Journal of Immunobiology Open Access Journal,https://www.omicsonline.org/immunobiology.php
Journal of Immunological Techniques & Infectious Diseases Hybrid Open Access Journal,https://www.scitechnol.com/infectious-diseases-immunological-techniques.php
Journal of Infectious Disease and Pathology Open Access Journal,https://www.omicsonline.org/journal-infectious-disease-and-pathology.php
Journal of Infectious Diseases & Therapy Open Access Journal,https://www.omicsonline.org/infectious-diseases-and-therapy.php
Journal of Infectious Diseases and Diagnosis Open Access Journal,https://www.omicsonline.org/infectious-diseases-and-diagnosis.php
Journal of Infectious Diseases and Medicine Open Access Journal,https://www.omicsonline.org/infectious-diseases-and-medicine.php
Journal of Infectious Diseases and Treatment Open Access Journal,http://infectious-diseases-and-treatment.imedpub.com
Journal of Inflammatory Bowel Diseases & Disorders Open Access Journal,https://www.omicsonline.org/inflammatory-bowel-diseases-disorders.php
Journal of Medical Microbiology & Diagnosis Open Access Journal,https://www.omicsonline.org/medical-microbiology-diagnosis.php
Journal of Meningitis Open Access Journal,https://www.omicsonline.org/meningitis.php
Journal of Microbial & Biochemical Technology Open Access Journal,https://www.omicsonline.org/microbial-biochemical-technology.php
Journal of Microbial Pathogenesis ,https://www.omicsonline.org/journal-microbial-pathogenesis.php
Journal of Molecular Immunology Open Access Journal,https://www.omicsonline.org/molecular-immunology.php
Journal of Mucosal Immunology Research ,https://www.omicsonline.org/mucosal-immunology-research.php
Journal of Transmitted Diseases and Immunity ,http://www.imedpub.com/transmitted-diseases-and-immunity/
Journal of Tropical Diseases & Public Health Open Access Journal,https://www.omicsonline.org/tropical-diseases.php
Journal of Tuberculosis and Therapeutics ,https://www.omicsonline.org/tuberculosis-and-therapeutics.php
Journal of Vaccines & Clinical Trials Open Access Journal,https://www.scitechnol.com/vaccines-clinical-trials.php
Journal of Vaccines & Vaccination Open Access Journal,https://www.omicsonline.org/vaccines-vaccination.php
Lupus: Open Access Open Access Journal,https://www.omicsonline.org/lupus.php
Medical Microbiology Reports Open Access Journal,https://www.scitechnol.com/medical-microbiology-reports.php
Medical Mycology: Open Access Open Access Journal,http://mycology.imedpub.com/
Mycobacterial Diseases Open Access Journal,https://www.omicsonline.org/mycobacterial-diseases.php
Pediatric Infectious Diseases: Open Access Open Access Journal,http://pediatric-infectious-disease.imedpub.com
Reproductive Immunology: Open Access ,http://reproductive-immunology.imedpub.com/
Research & Reviews: Journal of Microbiology and Biotechnology Open Access Journal,http://www.rroij.com/microbiology-and-biotechnology.php
Research and Reviews on Pathogens Open Access Journal,https://www.omicsonline.org/research-and-reviews-on-pathogens.php
"Rheumatology: Current Research Open Access Journal, Official Journal of Taiwan Rheumatology Association",https://www.omicsonline.org/rheumatology-current-research.php
Vector Biology Journal Open Access Journal,https://www.scitechnol.com/vector-biology-journal.php
Virology & Antiviral Research Hybrid Open Access Journal,https://www.scitechnol.com/virology-antiviral-research.php
Virology & Mycology Open Access Journal,https://www.omicsonline.org/virology-mycology.php
Virology: Current Research Open Access Journal,https://www.omicsonline.org/virology-current-research.php
"Journal of Material Sciences & Engineering Open Access Journal, Official Journal of Hellenic Metallurgical Society",https://www.omicsonline.org/material-sciences-engineering.php
Journal of Materials Science and Nanomaterials ,https://www.omicsonline.org/journal-materials-science-nanomaterials.php
Journal of Nanomaterials & Molecular Nanotechnology Hybrid Open Access Journal,https://www.scitechnol.com/nanomaterials-molecular-nanotechnology.php
Journal of Nanomedicine & Biotherapeutic Discovery Open Access Journal,https://www.omicsonline.org/nanomedicine-biotherapeutic-discovery.php
Journal of Nanomedicine & Nanotechnology Open Access Journal,https://www.omicsonline.org/nanomedicine-nanotechnology.php
Journal of Nanosciences: Current Research Open Access Journal,https://www.omicsonline.org/nano-sciences-current-research.php
Journal of Polymer Science & Applications Open Access Journal,https://www.scitechnol.com/polymer-science-applications.php
"Journal of Powder Metallurgy & Mining Open Access Journal, Official Journal of Hellenic Metallurgical Society",https://www.omicsonline.org/powder-metallurgy-mining.php
Materials Science: An Indian Journal ,http://www.tsijournals.com/journals/materials-science-an-indian-journal.html
Nano Research & Applications Open Access Journal,http://nanotechnology.imedpub.com/
Nano Science & Nano Technology: An Indian Journal ,http://www.tsijournals.com/journals/nano-science-nano-technology-an-indian-journal.html
Polymer Sciences Open Access Journal,http://polymerscience.imedpub.com/
Research & Reviews: Journal of Material Sciences Open Access Journal,http://www.rroij.com/material-sciences.php
Journal of Applied & Computational Mathematics Open Access Journal,https://www.omicsonline.org/applied-computational-mathematics.php
Journal of Biometrics & Biostatistics Open Access Journal,https://www.omicsonline.org/biometrics-biostatistics.php
Journal of Generalized Lie Theory and Applications Open Access Journal,https://www.omicsonline.org/generalized-theory-applications.php
Journal of Physical Mathematics Open Access Journal,https://www.omicsonline.org/physical-mathematics.php
Research & Reviews: Journal of Statistics and Mathematical Sciences Open Access Journal,http://www.rroij.com/statistics-and-mathematical-sciences.php
Acta Rheumatologica Open Access Journal,http://www.actarheuma.com/
Advances in Cancer Prevention Open Access Journal,https://www.omicsonline.org/advances-cancer-prevention.php
"Alternative & Integrative Medicine  Open Access Journal, Official Journal of World Association of Integrated Medicine",https://www.omicsonline.org/alternative-integrative-medicine.php
American Journal of Ethnomedicine ,http://www.imedpub.com/ethnomedicine/
American Journal of Phytomedicine and Clinical Therapeutics ,http://www.imedpub.com/phytomedicine-and-clinical-therapeutics/
Analgesia & Resuscitation : Current Research Hybrid Open Access Journal,https://www.scitechnol.com/analgesia-resuscitation-current-research.php
Anatomy & Physiology: Current Research Open Access Journal,https://www.omicsonline.org/anatomy-physiology.php
Andrology & Gynecology: Current Research Hybrid Open Access Journal,https://www.scitechnol.com/andrology-gynecology-current-research.php
Andrology-Open Access Open Access Journal,https://www.omicsonline.org/andrology-open-access.php
Anesthesiology Communications ,https://www.omicsonline.org/anesthesiology-communications.php
Angiology: Open Access Open Access Journal,https://www.omicsonline.org/angiology.php
Annals of Infections and Antibiotics Open Access Journal,https://www.omicsonline.org/annals-infections-antibiotics.php
Archives in Cancer Research Open Access Journal,http://www.acanceresearch.com/
Archives of Digestive disorders ,http://www.alliedacademies.org/archives-of-digestive-disorders/
Archives of Medicine Open Access Journal,http://www.archivesofmedicine.com/
Archives of Surgical Oncology Open Access Journal,https://www.omicsonline.org/surgical-oncology.php
Archivos de Medicina Open Access Journal,http://www.archivosdemedicina.com/
Breast Cancer: Current Research Open Access Journal,https://www.omicsonline.org/breast-cancer.php
British Biomedical Bulletin Open Access Journal,http://www.imedpub.com/british-biomedical-bulletin/
Canadian Hearing Report Open Access Journal,http://www.andrewjohnpublishing.com/canadian-hearing-report/
Chemotherapy: Open Access Official Journal of Italo-Latin American Society of Ethnomedicine,https://www.omicsonline.org/chemotherapy-open-access.php
Chronic Obstructive Pulmonary Disease: Open access Open Access Journal,http://chronic-obstructive-pulmonary-disease.imedpub.com
Clinical and Medical Case Reports ,https://www.omicsonline.org/clinical-medical-case-reports.php
Clinical Gastroenterology Journal Open Access Journal,https://www.omicsonline.org/clinical-gastroenterology-journal.php
Clinical Pediatric Dermatology Open Access Journal,http://clinical-pediatrics-dermatology.imedpub.com/
Colorectal Cancer: Open Access Open Access Journal,http://colorectal-cancer.imedpub.com/
Cosmetology & Oro Facial Surgery Open Access Journal,https://www.omicsonline.org/cosmetology-orofacial-surgery.php
Critical Care Obstetrics & Gynecology Open Access Journal,http://obstetrics.imedpub.com/
Current Research: Integrative Medicine Open Access Journal,http://www.pulsus.com/journals/current-research-integrative-medicine.html
Dental Health: Current Research Hybrid Open Access Journal,https://www.scitechnol.com/dental-health-current-research.php
"Dentistry Open Access Journal, Official Journal of Alexandria Oral Implantology Association, London School of Facial Orthotropics",https://www.omicsonline.org/dentistry.php
Dermatology and Dermatologic Diseases Open Access Journal,https://www.omicsonline.org/pigmentary-disorders-open-access.php
Dermatology Case Reports Open Access Journal,https://www.omicsonline.org/dermatology-case-reports.php
Diagnostic Pathology: Open Access Open Access Journal,https://www.omicsonline.org/diagnostic-pathology.php
Emergency Medicine: Open Access Official Journal of World Federation of Pediatric Intensive and Critical Care societies,https://www.omicsonline.org/emergency-medicine.php
Endocrinology & Diabetes Research Hybrid Open Access Journal,https://www.scitechnol.com/endocrinology-and-diabetes-research.php
Endocrinology & Metabolic Syndrome Official Journal of PCOS Awareness Association,https://www.omicsonline.org/endocrinology-metabolic-syndrome.php
Endocrinology Research and Metabolism ,http://www.imedpub.com/endocrinology-research-and-metabolism/
Epidemiology: Open Access Open Access Journal,https://www.omicsonline.org/epidemiology-open-access.php
European Journal of Sports and Exercise Science ,http://www.scholarsresearchlibrary.com/journals/european-journal-of-sports-exercise-science/
Evidence based medicine and practice Open Access Journal,https://www.omicsonline.org/evidence-based-medicine-practice.php
Family Medicine & Medical Science Research Open Access Journal,https://www.omicsonline.org/family-medicine-medical-science-research.php
General Medicine: Open Access Open Access Journal,https://www.omicsonline.org/general-medicine.php
"Gynecology & Obstetrics Open Access Journal, Official Journal of PCOS Awareness Association",https://www.omicsonline.org/gynecology-obstetrics.php
Gynecology & Obstetrics Case report Open Access Journal,http://gynecology-obstetrics.imedpub.com/
Hair Therapy & Transplantation Open Access Journal,https://www.omicsonline.org/hair-therapy-transplantation.php
Head and Neck Cancer Research Open Access Journal,http://head-and-neck-cancer-research.imedpub.com
Hepatology and Pancreatic Science ,https://www.omicsonline.org/hepatology-pancreatic-science.php
Herbal Medicine: Open Access Open Access Journal,http://herbal-medicine.imedpub.com/
Imaging in Medicine Open Access Journal,http://www.openaccessjournals.com/journals/imaging-in-medicine.html
Insights in Blood Pressure Open Access Journal,http://blood-pressure.imedpub.com
Insights in Chest Diseases Open Access Journal,http://insightsinchestdiseases.imedpub.com/
Insights in Gynecologic Oncology Open Access Journal,https://www.omicsonline.org/gynecologic-oncology.php
Internal Medicine: Open Access Open Access Journal,https://www.omicsonline.org/internal-medicine.php
International Journal of Digestive Diseases Open Access Journal,http://digestive-diseases.imedpub.com/
International Journal of Physical Medicine & Rehabilitation Open Access Journal,https://www.omicsonline.org/physical-medicine-rehabilitation.php
JOP. Journal of the Pancreas Open Access Journal,http://pancreas.imedpub.com/
Journal of Adenocarcinoma Open Access Journal,http://adenocarcinoma.imedpub.com/
Journal of Aesthetic & Reconstructive Surgery Open Access Journal,http://aesthetic-reconstructive-surgery.imedpub.com/
Journal of Aging and geriatric psychiatry ,http://www.alliedacademies.org/aging-and-geriatric-psychiatry/
Journal of Arthritis Open Access Journal,https://www.omicsonline.org/arthritis.php
Journal of Athletic Enhancement Hybrid Open Access Journal,https://www.scitechnol.com/athletic-enhancement.php
Journal of Autacoids and Hormones ,https://www.omicsonline.org/autacoids-and-hormones.php
Journal of Blood & Lymph Open Access Journal,https://www.omicsonline.org/blood-lymph.php
"Journal of Blood Disorders & Transfusion Open Access Journal, Official Journal of Thalassaemia International Federation",https://www.omicsonline.org/blood-disorders-transfusion.php
Journal of Blood Research & Hematologic Diseases Open Access Journal,https://www.scitechnol.com/journal-of-blood-research-and-hematologic-diseases.php
Journal of Bone Reports & Recommendations Open Access Journal,http://bone.imedpub.com/
Journal of Bone Research Open Access Journal,https://www.omicsonline.org/bone-marrow-research.php
Journal of Cancer Clinical Trials Open Access Journal,https://www.omicsonline.org/cancer-clinical-trials.php
Journal of Cancer Diagnosis Open Access Journal,https://www.omicsonline.org/cancer-diagnosis.php
Journal of Cancer Research and Immuno-Oncology Open Access Journal,https://www.omicsonline.org/cancer-research-immuno-oncology.php
Journal of Cancer Science & Therapy Official Journal of European Biotechnology Thematic Network Association,https://www.omicsonline.org/cancer-science-therapy.php
Journal of Cancer Science and Research Open Access Journal,https://www.omicsonline.org/journal-cancer-science-and-research.php
Journal of Carcinogenesis & Mutagenesis Open Access Journal,https://www.omicsonline.org/carcinogenesis-mutagenesis.php
Journal of Cardiac and Pulmonary Rehabilitation ,https://www.omicsonline.org/cardiac-pulmonary-rehabilitation.php
Journal of Cell Science and Apoptosis ,https://www.omicsonline.org/cell-science-apoptosis.php
Journal of Childhood & Developmental Disorders Open Access Journal,http://childhood-developmental-disorders.imedpub.com/
Journal of Childhood Obesity Open Access Journal,http://childhood-obesity.imedpub.com
Journal of Clinical and Medical Case Studies ,http://www.rroij.com/clinical-and-medical-case-studies.php
Journal of Clinical and Molecular Endocrinology Open Access Journal,http://clinical-and-molecular-endocrinology.imedpub.com
Journal of Clinical Anesthesiology: Open Access ,https://www.omicsonline.org/journal-clinical-anesthesiology.php
Journal of Clinical Immunology and Allergy Open Access Journal,http://asthma-and-bronchitis.imedpub.com/
Journal of Clinical Microbiology and Antimicrobials ,https://www.omicsonline.org/journal-clinical-microbiology-antimicrobials.php
Journal of Clinical Respiratory Diseases and Care Open Access Journal,https://www.omicsonline.org/clinical-respiratory-diseases-and-care.php
"Journal of Communication Disorders, Deaf Studies & Hearing Aids Open Access Journal",https://www.omicsonline.org/deaf-studies-hearing-aids.php
Journal of Congenital Disorders ,https://www.omicsonline.org/congenital-disorders.php
Journal of Contraceptive Studies Open Access Journal,http://contraceptivestudies.imedpub.com/
Journal of Dental Pathology and Medicine ,https://www.omicsonline.org/journal-dental-pathology-medicine.php
Journal of Diabetes & Metabolism Official Journal of European Biotechnology Thematic Network Association,https://www.omicsonline.org/diabetes-metabolism.php
Journal of Diabetic Complications & Medicine Open Access Journal,https://www.omicsonline.org/diabetic-complications-medicine.php
Journal of Ecology and Toxicology Open Access Journal,https://www.omicsonline.org/ecology-toxicology.php
Journal of Forensic Medicine Open Access Journal,https://www.omicsonline.org/journal-forensic-medicine.php
Journal of Gastrointestinal & Digestive System Open Access Journal,https://www.omicsonline.org/gastrointestinal-digestive-system.php
Journal of Gastrointestinal Cancer and Stromal Tumors Open Access Journal,https://www.omicsonline.org/gastrointestinal-cancer-stromal-tumors.php
Journal of General Practice Open Access Journal,https://www.omicsonline.org/general-practice.php
Journal of Genital System & Disorders Hybrid Open Access Journal,https://www.scitechnol.com/genital-system-disorders.php
Journal of Gerontology & Geriatric Research Open Access Journal,https://www.omicsonline.org/gerontology-geriatric-research.php
Journal of Heavy Metal Toxicity and Diseases Open Access Journal,http://heavy-metal-toxicity-diseases.imedpub.com/
Journal of Hematology & Thromboembolic Diseases Open Access Journal,https://www.omicsonline.org/haematology-thromboembolic-diseases.php
Journal of Hepatitis Open Access Journal,http://hepatitis.imedpub.com
Journal of Hepatology and Gastrointestinal disorders Open Access Journal,https://www.omicsonline.org/hepatology-gastrointestinal-disorders.php
Journal of HPV and Cervical Cancer Open Access Journal,https://www.omicsonline.org/cervical-cancer.php
"Journal of Hypertension: Open Access Open Access Journal, Official Journal of Slovak League against Hypertension",https://www.omicsonline.org/hypertension-open-access.php
Journal of Imaging and Interventional Radiology Open Access Journal,http://interventional-radiology.imedpub.com/
Journal of Integrative Oncology Open Access Journal,https://www.omicsonline.org/integrative-oncology.php
Journal of Kidney Open Access Journal,https://www.omicsonline.org/kidney.php
Journal of Leukemia Open Access Journal,https://www.omicsonline.org/leukemia.php
Journal of Liver Open Access Journal,https://www.omicsonline.org/liver.php
Journal of Liver: Disease & Transplantation Hybrid Open Access Journal,https://www.scitechnol.com/liver-disease-transplantation.php
Journal of Lung Cancer Diagnosis & Treatment Open Access Journal,https://www.omicsonline.org/lung-cancer-diagnosis-treatment.php
Journal of Lung Diseases & Treatment Open Access Journal,https://www.omicsonline.org/lung-diseases-treatment.php
Journal of Medical & Surgical Pathology Open Access Journal,https://www.omicsonline.org/medical-surgical-pathology.php
Journal of Medical Diagnostic Methods Open Access Journal,https://www.omicsonline.org/medical-diagnostic-methods.php
Journal of Medical Implants & Surgery Open Access Journal,https://www.omicsonline.org/medical-implants-surgery.php
Journal of Medical Oncology and Therapeutics ,http://www.alliedacademies.org/medical-oncology-therapeutics/
Journal of Medical Physics and Applied Sciences Open Access Journal,http://medicalphysics.imedpub.com/
Journal of Medical Physiology & Therapeutics ,https://www.omicsonline.org/medical-physiology-therapeutics.php
Journal of Medical Research & Health Education ,http://www.imedpub.com/medical-research-and-health-education/
Journal of Medical Toxicology and Clinical Forensic Medicine Open Access Journal,http://toxicology.imedpub.com/
Journal of Metabolic Syndrome Open Access Journal,https://www.omicsonline.org/metabolic-syndrome.php
Journal of Microbiology and Pathology ,https://www.omicsonline.org/journal-microbiology-pathology.php
Journal of Molecular Histology & Medical Physiology Open Access Journal,https://www.omicsonline.org/molecular-histology-medical-physiology.php
Journal of Morphology and Anatomy ,https://www.omicsonline.org/morphology-anatomy.php
Journal of MPE Molecular Pathological Epidemiology Open Access Journal,http://molecular-pathological-epidemiology.imedpub.com/
Journal of Neonatal Biology Open Access Journal,https://www.omicsonline.org/neonatal-biology.php
Journal of Neoplasm Open Access Journal,http://neoplasm.imedpub.com/
Journal of Nephrology & Renal Diseases Open Access Journal,https://www.scitechnol.com/nephrology-renal-diseases.php
Journal of Nephrology & Therapeutics Open Access Journal,https://www.omicsonline.org/nephrology-therapeutics.php
Journal of Novel Physiotherapies Open Access Journal,https://www.omicsonline.org/novel-physiotherapies.php
Journal of Nuclear Medicine & Radiation Therapy Open Access Journal,https://www.omicsonline.org/nuclear-medicine-radiation-therapy.php
Journal of Nutritional Disorders & Therapy Open Access Journal,https://www.omicsonline.org/nutritional-disorders-therapy.php
Journal of Obesity & Eating Disorders Open Access Journal,http://obesity.imedpub.com/
Journal of Obesity & Therapeutics Open Access Journal,https://www.scitechnol.com/obesity-therapeutics.php
Journal of Obesity & Weight Loss Therapy Open Access Journal,https://www.omicsonline.org/obesity-weight-loss-therapy.php
Journal of Obesity and Metabolism ,https://www.omicsonline.org/journal-obesity-metabolism.php
Journal of Odontology ,https://www.omicsonline.org/journal-odontology.php
Journal of Oncology Medicine & Practice Open Access Journal,https://www.omicsonline.org/oncology-medicine-practice.php
Journal of Oncology Research and Treatment Open Access Journal,https://www.omicsonline.org/advances-oncology-research-and-treatments.php
Journal of Oncology Translational Research Open Access Journal,https://www.omicsonline.org/guidelines-oncology-translational-research.php
"Journal of Oral Hygiene & Health Open Access Journal, Official Journal of Alexandria Oral Implantology Association, London School of Facial Orthotropics",https://www.omicsonline.org/oral-hygiene-and-health.php
Journal of Orthodontics & Endodontics Open Access Journal,http://orthodontics-endodontics.imedpub.com/
Journal of Orthopedic Oncology Open Access Journal,https://www.omicsonline.org/orthopedic-oncology.php
Journal of Osteoarthritis Open Access Journal,https://www.omicsonline.org/osteoarthritis.php
Journal of Osteoporosis and Physical Activity Open Access Journal,https://www.omicsonline.org/osteoporosis-and-physical-activity.php
Journal of Otology & Rhinology Hybrid Open Access Journal,https://www.scitechnol.com/otology-rhinology.php
Journal of Paediatric Medicine & Surgery ,https://www.omicsonline.org/paediatric-medicine-surgery.php
Journal of Pain Management & Medicine Open Access Journal,https://www.omicsonline.org/pain-management-medicine.php
Journal of Palliative Care & Medicine Open Access Journal,https://www.omicsonline.org/palliative-care-medicine.php
Journal of Perioperative Medicine ,https://www.omicsonline.org/journal-perioperative-medicine.php
Journal of Physiotherapy & Physical Rehabilitation Open Access Journal,https://www.omicsonline.org/physiotherapy-physical-rehabilitation.php
Journal of Pituitary Research & Treatment ,https://www.omicsonline.org/pituitary-research-treatment.php
Journal of Pregnancy and Child Health Open Access Journal,https://www.omicsonline.org/pregnancy-and-child-health.php
Journal of Preventive Medicine Open Access Journal,http://preventive-medicine.imedpub.com
Journal of Prostate Cancer Open Access Journal,https://www.omicsonline.org/prostate-cancer.php
Journal of Pulmonary & Respiratory Medicine Open Access Journal,https://www.omicsonline.org/pulmonary-respiratory-medicine.php
Journal of Pulmonary Medicine Open Access Journal,https://www.scitechnol.com/pulmonary-medicine.php
Journal of Pulmonology and Respiratory Diseases ,https://www.omicsonline.org/pulmonology-respiratory-diseases.php
Journal of Rare Disorders: Diagnosis & Therapy ,http://raredisorders.imedpub.com/
Journal of Regenerative Medicine Hybrid Open Access Journal,https://www.scitechnol.com/regenerative-medicine.php
Journal of Sexual & Reproductive Medicine subscription,http://www.pulsus.com/journals/sexual-reproductive-medicine.html
Journal of Sports Medicine & Doping Studies Open Access Journal,https://www.omicsonline.org/sports-medicine-doping-studies.php
Journal of Steroids & Hormonal Science Open Access Journal,https://www.omicsonline.org/steroids-hormonal-science.php
Journal of Surgery and Emergency Medicine Open Access Journal,http://www.imedpub.com/surgery-and-emergency-medicine/
Journal of Surgery [Jurnalul de Chirurgie] Open Access Journal,https://www.omicsonline.org/surgery.php
Journal of Thrombosis and Circulation: Open Access Open Access Journal,https://www.omicsonline.org/thrombosis-circulation-open-access.php
Journal of Thyroid Disorders & Therapy Open Access Journal,https://www.omicsonline.org/thyroid-disorders-therapy.php
Journal of Traditional Medicine & Clinical Naturopathy Open Access Journal,https://www.omicsonline.org/homeopathy-ayurvedic-medicine.php
Journal of Transplantation Technologies & Research Open Access Journal,https://www.omicsonline.org/transplantation-technologies-research.php
Journal of Trauma & Treatment Open Access Journal,https://www.omicsonline.org/trauma-treatment.php
Journal of Trauma and Critical Care ,http://www.alliedacademies.org/trauma-and-critical-care/
Journal of Tumor Research Open Access Journal,https://www.omicsonline.org/tumor-diagnostics-reports.php
Journal of Tumour Research & Reports Open Access Journal,https://www.omicsonline.org/journal-tumour-research-reports.php
Journal of Vascular and Endovascular Therapy Open Access Journal,http://vascular-endovascular-therapy.imedpub.com
Journal of Vascular Medicine & Surgery Open Access Journal,https://www.omicsonline.org/vascular-medicine-surgery.php
"Journal of Womens Health, Issues and Care Hybrid Open Access Journal",https://www.scitechnol.com/womens-health-issues-care.php
"Journal of Yoga & Physical Therapy Open Access Journal, Official Journal of Yoga Federation of Russia and Hong Kong Yoga Association",https://www.omicsonline.org/yoga-physical-therapy.php
Malaria Control & Elimination Open Access Journal,https://www.omicsonline.org/malaria-chemotherapy-control-elimination.php
Maternal and pediatric nutrition Open Access Journal,https://www.omicsonline.org/maternal-pediatric-nutrition.php
Medical & Clinical Reviews Open Access Journal,http://medical-clinical-reviews.imedpub.com
Medical & Surgical Urology Open Access Journal,https://www.omicsonline.org/medical-surgical-urology.php
Medical case reports Open Access Journal,http://medical-case-reports.imedpub.com/
Medical Reports & Case Studies open-access,https://www.omicsonline.org/medical-reports-case-studies.php
Neuro-oncology: Open Access Open Access Journal,http://j-neurooncology.imedpub.com
Occupational Medicine & Health Affairs Open Access Journal,https://www.omicsonline.org/occupational-medicine-health-affairs.php
OMICS Journal of Radiology Open Access Journal,https://www.omicsonline.org/radiology.php
Oncology & Cancer Case Reports Open Access Journal,https://www.omicsonline.org/oncology-cancer-case-reports.php
Oral Health and Dental Management Open Access Journal Official Journal of London School of Facial Orthotropics,https://www.omicsonline.org/oral-health-dental-management.php
Oral Health Case Reports Open Access Journal,https://www.omicsonline.org/oral-health-case-reports.php
Orthopedic & Muscular System: Current Research Open Access Journal,https://www.omicsonline.org/orthopedic-muscular-system-current-research.php
Otolaryngology: Open Access Open Access Journal,https://www.omicsonline.org/otolaryngology-open-access.php
Pancreatic Disorders & Therapy Open Access Journal,https://www.omicsonline.org/pancreatic-disorders-therapy.php
Pediatric Care Open Access Journal,http://pediatrics.imedpub.com/
Pediatric Emergency Care and Medicine: Open Access Open Access Journal,http://pediatric-emergency-care.imedpub.com/
Pediatrics & Health Research ,http://www.imedpub.com/pediatrics-and-health-research/
Pediatrics & Therapeutics Open Access Journal,https://www.omicsonline.org/pediatrics-therapeutics.php
Periodontics and Prosthodontics Open Access Journal,http://periodontics-prosthodontics.imedpub.com/
Reconstructive Surgery & Anaplastology Open Access Journal,https://www.omicsonline.org/anaplastology.php
Reports in Cancer and Treatment ,http://www.rroij.com/reports-in-cancer-and-treatment.php
Reports in Disease Markers ,https://www.omicsonline.org/reports-in-disease-markers.php
Reports in Thyroid Research ,https://www.omicsonline.org/reports-thyroid-research.php
Reproductive System & Sexual Disorders: Current Research Open Access Journal,https://www.omicsonline.org/reproductive-system-sexual-disorders.php
Research & Reviews: Journal of Dental Sciences Open Access Journal,http://www.rroij.com/dental-sciences.php
Research & Reviews: Medical and Clinical Oncology ,http://www.rroij.com/medical-and-clinical-oncology.php
Research and Reports in Gastroenterology Open Access Journal,https://www.scitechnol.com/research-reports-gastroenterology.php
Research and Reports in Gynecology and Obstetrics ,http://www.alliedacademies.org/research-and-reports-in-gynecology-and-obstetrics/
Research and Reports in Medical Sciences Open Access Journal,https://www.omicsonline.org/research-and-reports-medical-sciences.php
Skin diseases & Skin Care Open Access Journal,http://skin-diseases-and-skin-care.imedpub.com/
Surgery: Current Research Official Journal of European Society of Aesthetic Surgery,https://www.omicsonline.org/surgery-current-research.php
Translational Medicine Open Access Journal,https://www.omicsonline.org/translational-medicine.php
Trauma & Acute Care Open Access Journal,http://trauma-acute-care.imedpub.com/
Tropical Medicine & Surgery Open Access Journal,https://www.omicsonline.org/tropical-medicine-and-surgery.php
Universal Surgery Open Access Journal,http://www.jusurgery.com/
World Journal of Pharmacology and Toxicology ,https://www.omicsonline.org/world-journal-of-pharmacology-toxicology.php
Abnormal and Behavioural Psychology Open Access Journal,https://www.omicsonline.org/abnormal-behavioural-psychology.php
Acta Psychopathologica Open Access Journal,http://psychopathology.imedpub.com/
Annals of Behavioural Science Open Access Journal,http://behaviouralscience.imedpub.com/
Autism-Open Access Official Journal of Autism Community Network,https://www.omicsonline.org/autism.php
Bipolar Disorder: Open Access Open Access Journal,https://www.omicsonline.org/bipolar-disorder.php
"Brain Disorders & Therapy Open Access Journal, Official Journal of Bulgarian Society of Neurology (Europe)",https://www.omicsonline.org/brain-disorders-therapy.php
Canadian IONM News Open Access Journal,http://www.andrewjohnpublishing.com/canadian-ionm-news/
Clinical Neuropsychology: Open Access Open Access Journal,https://www.omicsonline.org/clinical-neuropsychology.php
Clinical Psychiatry Open Access Journal,http://clinical-psychiatry.imedpub.com/
Dual Diagnosis: Open Access Open Access Journal,http://dual-diagnosis.imedpub.com
Epilepsy Journal Open Access Journal,https://www.omicsonline.org/epilepsy.php
Insights in Neurosurgery Open Access Journal,http://neurosurgery.imedpub.com/
Integrative Neuroscience Research ,http://www.alliedacademies.org/integrative-neuroscience-research/
International Journal of Emergency Mental Health and Human Resilience Open Access Journal,https://www.omicsonline.org/international-journal-of-emergency-mental-health-and-human-resilience.php
International Journal of Mental Health & Psychiatry Hybrid Open Access Journal,https://www.scitechnol.com/international-journal-of-mental-health-and-psychiatry.php
International Journal of Neurorehabilitation Open Access Journal,https://www.omicsonline.org/international-journal-of-neurorehabilitation.php
International Journal of School and Cognitive Psychology Open Access Journal,https://www.omicsonline.org/school-cognitive-psychology.php
Journal of Addiction Research & Therapy Open Access Journal,https://www.omicsonline.org/addiction-research-therapy.php
"Journal of Addictive Behaviors, Therapy & Rehabilitation Hybrid Open Access Journal",https://www.scitechnol.com/addictive-behaviors-therapy-rehabilitation.php
Journal of Alcoholism & Drug Dependence Official Journal of International Society of Addiction Medicine,https://www.omicsonline.org/alcoholism-and-drug-dependence.php
Journal of Alzheimers Disease & Parkinsonism Open Access Journal,https://www.omicsonline.org/alzheimers-disease-parkinsonism.php
Journal of Child and Adolescent Behaviour Open Access Journal,https://www.omicsonline.org/child-and-adolescent-behavior.php
Journal of Clinical & Experimental Neuroimmunology Open Access Journal,https://www.omicsonline.org/clinical-experimental-neuroimmunology.php
Journal of Clinical Neurology and Neurosurgery ,https://www.omicsonline.org/-journal-clinical-neurology-neurosurgery.php
Journal of Dementia ,https://www.omicsonline.org/journal-dementia.php
Journal of Depression and Anxiety Open Access Journal,https://www.omicsonline.org/depression-and-anxiety.php
Journal of Drug Abuse Open Access Journal,http://drugabuse.imedpub.com/
Journal of Forensic Psychology Open Access Journal,https://www.omicsonline.org/forensic-psychology.php
Journal of Mental Disorders and Treatment Open Access Journal,https://www.omicsonline.org/mental-disorders-treatment.php
Journal of Multiple Sclerosis Open Access Journal,https://www.omicsonline.org/multiple-sclerosis-open-access.php
Journal of Neuroinfectious Diseases Open Access Journal,https://www.omicsonline.org/neuroinfectious-diseases.php
Journal of Neuroinformatics and Neuroimaging ,http://www.alliedacademies.org/neuroinformatics-and-neuroimaging/
"Journal of Neurological Disorders Open Access Journal, Official Journal of Bulgarian Society of Neurology (Europe)",https://www.omicsonline.org/neurological-disorders.php
"Journal of Neurology & Neurophysiology Open Access Journal, Official Journal of Bulgarian Society of Neurology (Europe)",https://www.omicsonline.org/neurology-neurophysiology.php
Journal of Neurology and Neuroscience Open Access Journal,http://www.jneuro.com/
Journal of Neuropsychiatry Open Access Journal,http://neuropsychiatry.imedpub.com/
Journal of Neuroscience & Clinical Research Hybrid Open Access Journal,https://www.scitechnol.com/journal-of-neuroscience-and-clinical-research.php
Journal of Neuroscience and Neuropharmacology Open Access Journal,https://www.omicsonline.org/neurochemistry-neuropharmacology.php
Journal of Pediatric Neurological Disorders Open Access Journal,https://www.omicsonline.org/pediatric-neurological-disorders.php
Journal of Pediatric Neurology and Medicine Open Access Journal,https://www.omicsonline.org/pediatric-neurology.php
Journal of Psychiatry Open Access Journal,https://www.omicsonline.org/journal-of-psychiatry.php
Journal of Psychological Abnormalities Open Access Journal,https://www.omicsonline.org/psychological-abnormalities.php
"Journal of Psychology & Psychotherapy Open Access Journal, Official Journal of Psychology and Psychiatry for Adults & Children Association",https://www.omicsonline.org/psychology-psychotherapy.php
Journal of Sleep Disorders & Therapy Open Access Journal,https://www.omicsonline.org/sleep-disorders-therapy.php
Journal of Sleep Disorders : Treatment and Care Hybrid Open Access Journal,https://www.scitechnol.com/sleep-disorders-treatment-care.php
Journal of Spine Open Access Journal,https://www.omicsonline.org/spine.php
Journal of Spine & Neurosurgery Hybrid Open Access Journal,https://www.scitechnol.com/spine-neurosurgery.php
Journal of Translational Neurosciences Open Access Journal,http://translational-neuroscience.imedpub.com/
Journal of Traumatic Stress Disorders & Treatment Hybrid Open Access Journal,https://www.scitechnol.com/traumatic-stress-disorders-treatment.php
Neuroscience and Psychiatry: Open Access ,https://www.omicsonline.org/neuroscience-psychiatry.php
Research & Reviews: Neuroscience Open Access Journal,http://www.rroij.com/neuroscience.php
Spine Research Open Access Journal,http://spine.imedpub.com/
Stroke Research & Therapy Open Access Journal,http://stroke.imedpub.com/
The Neurologist: Clinical & Therapeutics Journal ,https://www.omicsonline.org/neurologist-clinical-therapeutics-journal.php
Advanced Practices in Nursing Open Access Journal,https://www.omicsonline.org/advanced-practices-nursing.php
Aerobics & Fitness Open Access Journal,https://www.omicsonline.org/aerobics-and-fitness.php
Diversity & Equality in Health and Care Open Access Journal,http://diversityhealthcare.imedpub.com/
Global Journal of Nursing & Forensic Studies Open Access Journal,https://www.omicsonline.org/global-journal-nursing-forensic-studies.php
Health & Medical Economics Open Access Journal,http://health-medical-economics.imedpub.com/
Health Care : Current Reviews Open Access Journal,https://www.omicsonline.org/health-care-reviews.php
Health Economics & Outcome Research: Open Access Open Access Journal,https://www.omicsonline.org/health-economics-outcome-research.php
Health Science Journal Open Access Journal,http://www.hsj.gr/
Health Systems and Policy Research Open Access Journal,http://www.hsprj.com/
Hospital & Medical Management Open Access Journal,http://hospital-medical-management.imedpub.com/
International Journal of Collaborative Research on Internal Medicine & Public Health Open Access Journal,http://internalmedicine.imedpub.com/
International Journal of Public Health and Safety Open Access Journal,https://www.omicsonline.org/public-health-safety.php
Journal of Community & Public Health Nursing Open Access Journal,https://www.omicsonline.org/community-public-health-nursing.php
Journal of Community Medicine & Health Education Open Access Journal,https://www.omicsonline.org/community-medicine-health-education.php
"Journal of Health Education Research & Development Open Access Journal, Official Journal of National Biosafety Association (ANBio)",https://www.omicsonline.org/health-education-research-and-development.php
Journal of Healthcare Communications Open Access Journal,http://healthcare-communications.imedpub.com/
Journal of Intensive and Critical Care Open Access Journal,http://criticalcare.imedpub.com/
Journal of Nursing & Care Open Access Journal,https://www.omicsonline.org/nursing-care.php
Journal of Patient Care Open Access Journal,https://www.omicsonline.org/patient-care.php
Journal of Perioperative & Critical Intensive Care Nursing Open Access Journal,https://www.omicsonline.org/critical-intesive-care-nursing.php
Journal of Physiotherapy Research ,http://www.imedpub.com/journal-physiotherapy-research/
Journal of Women's Health Care Open Access Journal,https://www.omicsonline.org/womens-health-care.php
Medical Safety & Global Health Open Access Journal,https://www.omicsonline.org/medical-safety-global-health.php
Primary Healthcare: Open Access Open Access Journal,https://www.omicsonline.org/primary-health-care-open-access.php
Quality in Primary Care Open Access Journal,http://primarycare.imedpub.com/
Research & Reviews: Journal of Medical and Health Sciences Open Access Journal,http://www.rroij.com/medical-and-health-sciences.php
Research & Reviews: Journal of Nursing and Health Sciences Open Access Journal,http://www.rroij.com/nursing-and-health-sciences.php
Advances in Pharmacoepidemiology & Drug Safety Open Access Journal,https://www.omicsonline.org/advances-in-pharmacoepidemiology-drug-safety.php
American Journal of Advanced Drug Delivery Open Access Journal,http://www.imedpub.com/advanced-drug-delivery/
American Journal of Drug Delivery and Therapeutics ,http://www.imedpub.com/drug-delivery-and-therapeutics/
American Journal of Pharmacology and Pharmacotherapeutics ,http://www.imedpub.com/pharmacology-and-pharmacotherapeutics/
Biochemistry & Pharmacology: Open Access Journal Open Access Journal,https://www.omicsonline.org/biochemistry-pharmacology-open-access.php
Biomarkers Journal Open Access Journal,http://biomarkers.imedpub.com/
Clinical Pharmacology & Biopharmaceutics Open Access Journal,https://www.omicsonline.org/clinical-pharmacology-biopharmaceutics.php
Clinical Pharmacology and Pharmacodynamics ,http://www.imedpub.com/clinical-pharmacology-and-pharmacodynamics/
Der Pharmacia Sinica ,http://www.imedpub.com/der-pharmacia-sinica/
Drug Designing: Open Access Open Access Journal,https://www.omicsonline.org/drug-designing.php
International Journal of Drug Development & Research Open Access Journal,http://www.ijddr.in/
International Journal of Research and Development in Pharmacy & Life Sciences Open Access Journal,https://www.omicsonline.org/research-and-development-in-pharmacy.php
Journal of Applied Pharmacy Open Access Journal,https://www.omicsonline.org/applied-pharmacy.php
Journal of Bioanalysis & Biomedicine Open Access Journal,https://www.omicsonline.org/bioanalysis-biomedicine.php
Journal of Bioequivalence & Bioavailability Official Journal of Association of Contract Research Organisations,https://www.omicsonline.org/bioequivalence-bioavailability.php
Journal of Clinical & Experimental Pharmacology Open Access Journal,https://www.omicsonline.org/clinical-experimental-pharmacology.php
Journal of Developing Drugs Open Access Journal,https://www.omicsonline.org/developing-drugs.php
Journal of Drug Metabolism & Toxicology Open Access Journal,https://www.omicsonline.org/drug-metabolism-toxicology.php
Journal of Forensic Toxicology & Pharmacology Hybrid Open Access Journal,https://www.scitechnol.com/forensic-toxicology-pharmacology.php
Journal of Formulation Science & Bioavailability ,https://www.omicsonline.org/formulation-science-bioavailability.php
Journal of Molecular Pharmaceutics & Organic Process Research Open Access Journal,https://www.omicsonline.org/molecular-pharmaceutics-organic-process-research.php
Journal of Nutraceuticals and Food Science Open Access Journal,http://nutraceuticals.imedpub.com
Journal of Pharmaceutical Care & Health Systems Open Access Journal,https://www.omicsonline.org/pharmaceutical-care-and-health-systems-open-access.php
Journal of Pharmaceutical Microbiology Open Access Journal,http://pharmaceutical-microbiology.imedpub.com/
Journal of Pharmaceutical Sciences & Emerging Drugs Hybrid Open Access Journal,https://www.scitechnol.com/pharmaceutical-sciences-emerging-drugs.php
Journal of Pharmaceutics & Drug Delivery Research Hybrid Open Access Journal,https://www.scitechnol.com/pharmaceutics-drug-delivery-research.php
"Journal of Pharmacogenomics & Pharmacoproteomics Open Access Journal, Official Journal of European Society of Pharmacogenomics and Theranostics",https://www.omicsonline.org/pharmacogenomics-pharmacoproteomics.php
Journal of Pharmacognosy & Natural Products Open Access Journal,https://www.omicsonline.org/pharmacognosy-natural-products.php
Journal of Pharmacokinetics & Experimental Therapeutics Open Access Journal,https://www.omicsonline.org/pharmacokinetics-and-experimental-therapeutics.php
Journal of Pharmacological Reports Open Access Journal,https://www.omicsonline.org/pharmacological-reports.php
Journal of Pharmacovigilance Open Access Journal,https://www.omicsonline.org/pharmacovigilance.php
Medicinal & Aromatic Plants Open Access Journal,https://www.omicsonline.org/medicinal-aromatic-plants.php
Pharmaceutica Analytica Acta Open Access Journal,https://www.omicsonline.org/pharmaceutica-analytica-acta.php
Pharmaceutical Bioprocessing Open Access Journal,http://www.openaccessjournals.com/journals/pharmaceutical-bioprocessing.html
Pharmaceutical Regulatory Affairs: Open Access Open Access Journal,https://www.omicsonline.org/pharmaceutical-regulatory-affairs-open-access.php
Pharmacoeconomics: Open Access Open Access Journal,https://www.omicsonline.org/pharmacoeconomics-open-access.php
Research & Reviews in Pharmacy and Pharmaceutical Sciences Open Access Journal,http://www.rroij.com/pharmacy-and-pharmaceutical-sciences.php
Research & Reviews: Drug Delivery ,http://www.rroij.com/drug-delivery.php
Research & Reviews: Journal of Hospital and Clinical Pharmacy Open Access Journal,http://www.rroij.com/hospital-and-clinical-pharmacy.php
Research & Reviews: Journal of Pharmaceutical Analysis Open Access Journal,http://www.rroij.com/pharmaceutical-analysis.php
Research & Reviews: Journal of Pharmaceutical Quality Assurance Open Access Journal,http://www.rroij.com/pharmaceutical-quality-assurance.php
Research & Reviews: Journal of Pharmaceutics and Nanotechnology Open Access Journal,http://www.rroij.com/pharmaceutics-and-nanotechnology.php
Research & Reviews: Journal of Pharmacognosy and Phytochemistry Open Access Journal,http://www.rroij.com/pharmacognosy-and-phytochemistry.php
Research & Reviews: Journal of Pharmacology and Toxicological Studies Open Access Journal,http://www.rroij.com/pharmacology-and-toxicological-studies.php
Fluid Mechanics: Open Access Open Access Journal,https://www.omicsonline.org/fluid-mechanics.php
Journal of Astrophysics & Aerospace Technology Open Access Journal,https://www.omicsonline.org/astrophysics-aerospace-technology.php
"Journal of Lasers, Optics & Photonics Open Access Journal",https://www.omicsonline.org/lasers-optics-photonics.php
Journal of Physics & Astronomy ,http://www.tsijournals.com/journals/journal-of-physics-astronomy.html
Journal of Respiratory Medicine ,https://www.omicsonline.org/journal-respiratory-medicine.php
Journal of Scientific and Industrial Metrology Open Access Journal,http://metrology.imedpub.com/
Journal of Space Exploration ,http://www.tsijournals.com/journals/journal-of-space-exploration.html
Research & Reviews: Journal of Pure and Applied Physics Open Access Journal,http://www.rroij.com/pure-and-applied-physics.php
Rheology: Open Access ,https://www.omicsonline.org/rheology-open-access.php
Anthropology Open Access Journal,https://www.omicsonline.org/anthropology.php
Arts and Social Sciences Journal Open Access Journal,https://www.omicsonline.org/arts-and-social-sciences-journal.php
Intellectual Property Rights: Open Access Open Access Journal,https://www.omicsonline.org/intellectual-property-rights.php
Journal of Anthropology Reports Open Access Journal,https://www.omicsonline.org/forensic-anthropology.php
Journal of Civil & Legal Sciences Open Access Journal,https://www.omicsonline.org/civil-legal-sciences.php
Journal of Defense Management Open Access Journal,https://www.omicsonline.org/defense-management.php
Journal of Mass Communication & Journalism Open Access Journal,https://www.omicsonline.org/mass-communication-journalism.php
Journal of Political Sciences & Public Affairs Open Access Journal,https://www.omicsonline.org/political-sciences-public-affairs.php
"Journal of Socialomics Official journal of SILAE (Italy), Italo-Latin American Society of Ethnomedicine",https://www.omicsonline.org/socialomics.php
Research & Reviews: Journal of Educational Studies Open Access Journal,http://www.rroij.com/educational-studies.php
Research & Reviews: Journal of Social Sciences Open Access Journal,http://www.rroij.com/social-sciences.php
Sociology and Criminology-Open Access Open Access Journal,https://www.omicsonline.org/sociology-and-criminology.php
Journal of Animal Health and Behavioural Science ,https://www.omicsonline.org/animal-health-behavioural-science.php
Journal of Animal Research and Nutrition Open Access Journal,http://animalnutrition.imedpub.com
Journal of Animal Sciences and Livestock Production Open Access,http://www.imedpub.com/animal-sciences-and-livestock-production/
Journal of Veterinary Medicine and Allied Science ,http://www.alliedacademies.org/veterinary-medicine-and-allied-science/
Journal of Veterinary Medicine and Health ,https://www.omicsonline.org/journal-veterinary-medicine-health.php
Journal of Veterinary Pathology Research ,https://www.omicsonline.org/journal-veterinary-pathology-research.php
Journal of Veterinary Science & Medical Diagnosis Hybrid Open Access Journal,https://www.scitechnol.com/veterinary-science-medical-diagnosis.php
Journal of Veterinary Science & Technology Open Access Journal,https://www.omicsonline.org/veterinary-science-technology.php
Research & Reviews: Journal of Veterinary Sciences Open Access Journal,http://www.rroij.com/veternary-sciences.php
Research & Reviews: Journal of Zoological Sciences Open Access Journal,http://www.rroij.com/zoological-sciences.php
